Ticket ID,Customer Name,Customer Email,Customer Age,Customer Gender,Product Purchased,Date of Purchase,Ticket Type,Ticket Subject,Ticket Description,Ticket Status,Resolution,Ticket Priority,Ticket Channel,First Response Time,Time to Resolution,Customer Satisfaction Rating,Ticket Created At,Escalated
T0001,Alice Moreno,alice.moreno@example.com,34,Female,Payments,2023-01-04,Billing inquiry,Payment failed but amount deducted,"I tried to pay for my plan and the payment failed, but the amount was deducted from my card 4111 1111 1111 1111. Please help.",Closed,"Confirmed a duplicate authorization hold. Voided the hold and asked the customer to allow 5 business days for the bank to release funds.",High,Email,2023-02-01 09:12:00,2023-02-02 11:40:00,4,2023-02-01 08:30:00,No
T0002,Brian Ochoa,b.ochoa@example.com,41,Male,Payments,2023-01-11,Billing inquiry,Charged twice for the same invoice,"I was charged twice for invoice 88213. My account number is ACC-3391045. Contact me at +1 (415) 555-0132.",Closed,"Located two identical charges from a client-side retry. Refunded the second charge and enabled idempotency keys on the account.",High,Email,2023-02-03 10:02:00,2023-02-04 16:20:00,5,2023-02-03 09:45:00,No
T0003,Carla Devi,carla.devi@example.com,29,Female,Auth,2023-01-20,Technical issue,OTP not received on login,"I never receive the OTP SMS when logging in. I have tried three times. My number is 415-555-0177.",Closed,"Carrier filtering blocked the SMS sender ID. Switched the customer to the email OTP channel and raised a routing ticket with the SMS vendor.",Medium,Phone,2023-02-05 12:00:00,2023-02-05 18:00:00,3,2023-02-05 11:30:00,No
T0004,Dan Whitfield,dan.w@example.com,52,Male,Auth,2023-01-25,Technical issue,OTP code never arrives,"The one time password never arrives on my phone. Login is impossible. I already checked spam.",Closed,"Same carrier filtering issue as the known SMS routing incident. Moved the user to email OTP and confirmed successful login.",Medium,Chat,2023-02-06 08:15:00,2023-02-06 13:45:00,4,2023-02-06 08:00:00,No
T0005,Elena Fischer,elena.f@example.com,37,Female,Reporting,2023-02-01,Technical issue,Dashboard export returns HTTP 500,"Exporting the monthly report from the dashboard returns a 500 error. Trace id 9f2a-114c. URL https://app.example.com/export?report=monthly&user=884",Closed,"Export job exceeded the worker memory limit for accounts with more than 200k rows. Increased the worker tier and added pagination to the export.",High,Email,2023-02-07 09:30:00,2023-02-09 10:00:00,2,2023-02-07 09:00:00,Yes
T0006,Farid Haddad,farid.h@example.com,45,Male,Reporting,2023-02-03,Technical issue,Report export fails with server error,"Every time I export a report I get a server error 500. This has happened for three days.",Closed,"Duplicate of the export worker memory incident. Applied the same worker tier increase; export completed successfully.",High,Email,2023-02-08 14:00:00,2023-02-10 09:00:00,3,2023-02-08 13:20:00,Yes
T0007,Grace Lin,grace.lin@example.com,31,Female,Onboarding,2023-02-05,Product inquiry,How do I invite teammates,"I want to add my team to the workspace but cannot find the invite screen.",Closed,"Walked the customer through Settings > Members > Invite. Sent the help centre article covering seat limits.",Low,Chat,2023-02-09 10:00:00,2023-02-09 10:40:00,5,2023-02-09 09:50:00,No
T0008,Hugo Reyes,hugo.reyes@example.com,27,Male,Onboarding,2023-02-08,Product inquiry,Cannot find team invite option,"Where is the option to invite team members? I am on the starter plan.",Closed,"Starter plan is capped at 3 seats and hides the invite button once the cap is reached. Explained the cap and shared upgrade options.",Low,Chat,2023-02-10 11:00:00,2023-02-10 11:35:00,4,2023-02-10 10:45:00,No
T0009,Ines Kovac,ines.k@example.com,39,Female,Integrations,2023-02-10,Technical issue,Webhook deliveries stopped,"Our webhook endpoint stopped receiving events on Tuesday. Endpoint https://hooks.acme.io/ingest?key=sk-live-9931aabbccddeeff",Closed,"Endpoint returned 403 for 24 hours so deliveries were auto-disabled. Rotated the signing secret, re-enabled the endpoint, and replayed the missed events.",High,Email,2023-02-11 08:00:00,2023-02-12 15:00:00,4,2023-02-11 07:30:00,No
T0010,Jonas Bauer,jonas.b@example.com,48,Male,Integrations,2023-02-12,Technical issue,Events not delivered to our endpoint,"We stopped receiving webhook events. No configuration changed on our side.",Closed,"Endpoint auto-disabled after repeated 5xx responses. Re-enabled after the customer fixed their listener and replayed 412 events.",High,Email,2023-02-13 09:00:00,2023-02-14 12:00:00,3,2023-02-13 08:30:00,No
T0011,Kira Nakamura,kira.n@example.com,33,Female,Payments,2023-02-14,Billing inquiry,Refund not received,"I was told a refund was issued 10 days ago but nothing has arrived in my account.",Closed,"Refund was issued to an expired card and bounced back to the merchant balance. Re-issued the refund to the current payment method.",Medium,Email,2023-02-15 10:00:00,2023-02-17 09:00:00,2,2023-02-15 09:30:00,No
T0012,Luis Ferreira,luis.f@example.com,44,Male,Payments,2023-02-16,Billing inquiry,Subscription renewed unexpectedly,"My subscription renewed even though I cancelled last month.",Closed,"Cancellation was submitted after the renewal cut-off window. Cancelled the new term and issued a prorated refund as a goodwill gesture.",Medium,Email,2023-02-17 13:00:00,2023-02-18 14:00:00,3,2023-02-17 12:15:00,No
T0013,Maya Oduya,maya.o@example.com,26,Female,Auth,2023-02-18,Technical issue,SSO login loop,"Signing in with SSO redirects back to the login page endlessly. We use Okta.",Closed,"The SAML assertion was missing the NameID attribute after the customer's IdP upgrade. Updated the attribute mapping in Okta and verified login.",High,Email,2023-02-19 09:00:00,2023-02-20 17:00:00,4,2023-02-19 08:20:00,Yes
T0014,Nils Andersen,nils.a@example.com,50,Male,Auth,2023-02-20,Technical issue,SAML redirect loop after IdP change,"After our identity provider change users bounce between the app and the IdP without signing in.",Closed,"Same missing NameID assertion pattern. Corrected the IdP attribute statement and confirmed successful authentication for all affected users.",High,Email,2023-02-21 10:00:00,2023-02-22 12:00:00,4,2023-02-21 09:10:00,Yes
T0015,Omar Saleh,omar.s@example.com,36,Male,Reporting,2023-02-22,Product inquiry,Can I schedule recurring reports,"Is there a way to have the weekly report emailed automatically?",Closed,"Scheduled reports are available on Business and above. Enabled the trial flag so the customer could evaluate the feature.",Low,Chat,2023-02-23 09:00:00,2023-02-23 09:30:00,5,2023-02-23 08:50:00,No
T0016,Priya Raman,priya.r@example.com,30,Female,Reporting,2023-02-24,Product inquiry,Scheduled report delivery question,"How do I set up automatic weekly report emails to my team?",Closed,"Guided the customer through Reports > Schedule. Noted that recipients must be workspace members.",Low,Chat,2023-02-25 11:00:00,2023-02-25 11:20:00,5,2023-02-25 10:55:00,No
T0017,Quentin Roy,quentin.r@example.com,42,Male,Integrations,2023-02-26,Technical issue,API returns 429 constantly,"Our integration hits rate limits after only a few requests. Using api_key sk-live-77ab99cc11dd22ee.",Closed,"Client was retrying without backoff, multiplying the request volume. Implemented exponential backoff and raised the burst limit for the account.",High,Email,2023-02-27 08:00:00,2023-02-28 10:00:00,3,2023-02-27 07:40:00,No
T0018,Rosa Iglesias,rosa.i@example.com,38,Female,Integrations,2023-02-28,Technical issue,Rate limited on every call,"We are getting 429 responses on nearly every API call since yesterday.",Closed,"Account had been auto-throttled after a traffic spike. Cleared the throttle and advised the customer on request batching.",High,Email,2023-03-01 09:00:00,2023-03-01 16:00:00,4,2023-03-01 08:30:00,No
T0019,Sven Larsson,sven.l@example.com,47,Male,Onboarding,2023-03-01,Product inquiry,Data import from CSV fails,"Our CSV import fails with a column mismatch error. The file has 12 columns.",Closed,"Header row contained a trailing empty column produced by Excel. Advised re-saving as UTF-8 CSV; import then succeeded.",Medium,Email,2023-03-02 10:00:00,2023-03-02 15:00:00,4,2023-03-02 09:30:00,No
T0020,Tara Nguyen,tara.n@example.com,28,Female,Onboarding,2023-03-03,Product inquiry,CSV upload column mismatch,"Uploading our customer CSV gives a column mismatch error every time.",Closed,"Same trailing-empty-column pattern from Excel exports. Customer re-saved the file and the import completed.",Medium,Email,2023-03-04 09:00:00,2023-03-04 13:00:00,4,2023-03-04 08:40:00,No
T0021,Umar Farouk,umar.f@example.com,35,Male,Payments,2023-03-05,Billing inquiry,Invoice PDF missing line items,"The invoice PDF for {product_purchased} is missing the usage line items.",Open,,High,Email,,,0,2023-03-06 09:00:00,No
T0022,Vera Popov,vera.p@example.com,43,Female,Auth,2023-03-07,Technical issue,Password reset email never arrives,"I request a password reset for {customer_name} and no email arrives.",Open,,Medium,Email,,,0,2023-03-08 10:00:00,No
T0023,Will Turner,will.t@example.com,31,Male,Reporting,2023-03-09,Technical issue,Charts render blank on Safari,"All dashboard charts are blank in Safari 16 but fine in Chrome.",Pending Customer Response,,Medium,Chat,2023-03-10 09:20:00,,0,2023-03-10 09:00:00,No
T0024,Xu Ling,xu.ling@example.com,40,Female,Integrations,2023-03-11,Technical issue,Zapier connection drops daily,"Our Zapier connection disconnects every night and must be re-authorised.",Pending Customer Response,,High,Email,2023-03-12 08:30:00,,0,2023-03-12 08:00:00,No
T0025,Yasmin Rahim,yasmin.r@example.com,32,Female,Onboarding,2023-03-13,Product inquiry,Trial extension request,"Can we extend our trial by two weeks while we finish evaluation?",Closed,N/A,Low,Email,2023-03-14 10:00:00,2023-03-14 10:30:00,5,2023-03-14 09:45:00,No
T0026,Zach Miller,zach.m@example.com,49,Male,Payments,2023-03-15,Billing inquiry,Tax not applied to invoice,"Our invoices show no VAT even though we supplied a VAT number.",Closed,resolved,Medium,Email,2023-03-16 11:00:00,2023-03-16 17:00:00,3,2023-03-16 10:20:00,No
T0027,Anya Petrova,anya.p@example.com,34,Female,Auth,2023-03-17,Technical issue,Session expires every 5 minutes,"Users are logged out after about five minutes of activity. Server IP 10.44.12.9.",Closed,"Session cookie lifetime was overridden by a stale workspace security policy. Restored the default 12 hour lifetime.",High,Email,2023-03-18 09:00:00,2023-03-19 11:00:00,4,2023-03-18 08:30:00,No
T0028,Bruno Costa,bruno.c@example.com,46,Male,Reporting,2023-03-19,Technical issue,Metrics lag by several hours,"The analytics dashboard shows data that is six hours behind real time.",Closed,"Ingestion backlog caused by a stuck consumer group. Restarted the consumers and backfilled the delayed window.",High,Email,2023-03-20 08:00:00,2023-03-21 09:00:00,3,2023-03-20 07:30:00,Yes
T0029,Chiara Rossi,chiara.r@example.com,29,Female,Integrations,2023-03-21,Technical issue,Slack notifications duplicated,"Every alert posts three times into our Slack channel.",Closed,"Three separate Slack integrations were installed against the same channel. Removed the two redundant installs.",Low,Chat,2023-03-22 10:00:00,2023-03-22 12:00:00,5,2023-03-22 09:40:00,No
T0030,Dmitri Volkov,dmitri.v@example.com,53,Male,Onboarding,2023-03-23,Product inquiry,Sandbox environment access,"How do we request a sandbox environment for testing before go live?",Closed,"Provisioned a sandbox workspace and sent the API base URL and test credentials process.",Low,Email,2023-03-24 09:00:00,2023-03-24 14:00:00,4,2023-03-24 08:30:00,No
